id,despertar,fecha,hora,lat,lon,estado,bateria_v,bateria_pct,device,created_at
1,1,06/08/2026,09:17:50,4.823080167,-74.34586033,NUEVA UBICACION,0,0,HERMES-02,2026-08-06T14:18:04.088181
2,2,06/08/2026,09:17:50,4.82308,-74.34586,REENVIO PENDIENTE,0,0,HERMES-02,2026-08-06T14:47:30.282837
3,0,06/08/2026,09:17:50,4.823080167,-74.34586033,NUEVA UBICACION,0,0,HERMES-02,2026-08-06T14:17:50
4,0,06/08/2026,09:17:50,4.82308,-74.34586,REENVIO PENDIENTE,0,0,HERMES-02,2026-08-06T14:17:50
5,2,06/08/2026,09:47:34,4.823165167,-74.345817,NUEVA UBICACION,0,0,HERMES-02,2026-08-06T14:47:41.634189
6,1,06/08/2026,09:47:34,4.823165,-74.345817,REENVIO PENDIENTE,0,0,HERMES-02,2026-08-06T15:48:25.159618
7,0,06/08/2026,09:47:34,4.823165167,-74.345817,NUEVA UBICACION,0,0,HERMES-02,2026-08-06T14:47:34
8,0,06/08/2026,09:47:34,4.823165,-74.345817,REENVIO PENDIENTE,0,0,HERMES-02,2026-08-06T14:47:34
9,1,06/08/2026,10:17:37,4.82317,-74.345857,REENVIO PENDIENTE,0,0,HERMES-02,2026-08-06T15:48:31.169837
10,0,06/08/2026,10:17:37,4.82317,-74.345857,REENVIO PENDIENTE,0,0,HERMES-02,2026-08-06T15:17:37
11,1,06/08/2026,10:30:53,4.823152,-74.345865,REENVIO PENDIENTE,0,0,HERMES-02,2026-08-06T15:48:36.959004
12,0,06/08/2026,10:30:53,4.823152,-74.345865,REENVIO PENDIENTE,0,0,HERMES-02,2026-08-06T15:30:53
13,1,06/08/2026,10:33:52,4.823087,-74.345857,REENVIO PENDIENTE,0,0,HERMES-02,2026-08-06T15:48:42.850975
14,0,06/08/2026,10:33:52,4.823087,-74.345857,REENVIO PENDIENTE,0,0,HERMES-02,2026-08-06T15:33:52
15,1,06/08/2026,10:48:47,4.823161667,-74.34584433,NUEVA UBICACION,0,0,HERMES-02,2026-08-06T15:48:54.740252
16,1,06/08/2026,10:48:47,4.823162,-74.345844,REENVIO PENDIENTE,0,0,HERMES-02,2026-08-06T16:01:40.691220
17,0,06/08/2026,10:48:47,4.823161667,-74.34584433,NUEVA UBICACION,0,0,HERMES-02,2026-08-06T15:48:47
18,0,06/08/2026,10:48:47,4.823162,-74.345844,REENVIO PENDIENTE,0,0,HERMES-02,2026-08-06T15:48:47
19,1,06/08/2026,11:01:45,4.823170333,-74.34581217,NUEVA UBICACION,0,0,HERMES-02,2026-08-06T16:01:53.702260
20,2,06/08/2026,11:01:45,4.82317,-74.345812,REENVIO PENDIENTE,0,0,HERMES-02,2026-08-06T16:07:01.823094
21,0,06/08/2026,11:01:45,4.823170333,-74.34581217,NUEVA UBICACION,0,0,HERMES-02,2026-08-06T16:01:45
22,0,06/08/2026,11:01:45,4.82317,-74.345812,REENVIO PENDIENTE,0,0,HERMES-02,2026-08-06T16:01:45
23,2,06/08/2026,11:07:05,4.823224667,-74.34587517,NUEVA UBICACION,0,0,HERMES-02,2026-08-06T16:07:15.507341
24,3,06/08/2026,11:07:05,4.823225,-74.345875,REENVIO PENDIENTE,0,0,HERMES-02,2026-08-06T16:12:28.721151
25,0,06/08/2026,11:07:05,4.823224667,-74.34587517,NUEVA UBICACION,0,0,HERMES-02,2026-08-06T16:07:05
26,0,06/08/2026,11:07:05,4.823225,-74.345875,REENVIO PENDIENTE,0,0,HERMES-02,2026-08-06T16:07:05
27,3,06/08/2026,11:12:32,4.8232305,-74.345875,NUEVA UBICACION,0,0,HERMES-02,2026-08-06T16:12:40.785937
28,4,06/08/2026,11:12:32,4.823231,-74.345875,REENVIO PENDIENTE,0,0,HERMES-02,2026-08-06T16:17:53.704853
29,0,06/08/2026,11:12:32,4.8232305,-74.345875,NUEVA UBICACION,0,0,HERMES-02,2026-08-06T16:12:32
30,0,06/08/2026,11:12:32,4.823231,-74.345875,REENVIO PENDIENTE,0,0,HERMES-02,2026-08-06T16:12:32
31,4,06/08/2026,11:17:57,4.823227667,-74.34586533,NUEVA UBICACION,0,0,HERMES-02,2026-08-06T16:18:05.766452
32,5,06/08/2026,11:17:57,4.823228,-74.345865,REENVIO PENDIENTE,0,0,HERMES-02,2026-08-06T16:23:18.060307
33,0,06/08/2026,11:17:57,4.823227667,-74.34586533,NUEVA UBICACION,0,0,HERMES-02,2026-08-06T16:17:57
34,0,06/08/2026,11:17:57,4.823228,-74.345865,REENVIO PENDIENTE,0,0,HERMES-02,2026-08-06T16:17:57
35,5,06/08/2026,11:23:22,4.823236833,-74.34588033,NUEVA UBICACION,0,0,HERMES-02,2026-08-06T16:23:30.159404
36,6,06/08/2026,11:23:22,4.823237,-74.34588,REENVIO PENDIENTE,0,0,HERMES-02,2026-08-06T16:28:41.844543
37,0,06/08/2026,11:23:22,4.823236833,-74.34588033,NUEVA UBICACION,0,0,HERMES-02,2026-08-06T16:23:22
38,0,06/08/2026,11:23:22,4.823237,-74.34588,REENVIO PENDIENTE,0,0,HERMES-02,2026-08-06T16:23:22
39,6,06/08/2026,11:28:46,4.823227333,-74.345872,NUEVA UBICACION,0,0,HERMES-02,2026-08-06T16:28:53.444444
40,7,06/08/2026,11:28:46,4.823227,-74.345872,REENVIO PENDIENTE,0,0,HERMES-02,2026-08-06T16:34:07.001413
41,0,06/08/2026,11:28:46,4.823227333,-74.345872,NUEVA UBICACION,0,0,HERMES-02,2026-08-06T16:28:46
42,0,06/08/2026,11:28:46,4.823227,-74.345872,REENVIO PENDIENTE,0,0,HERMES-02,2026-08-06T16:28:46
43,7,06/08/2026,11:34:11,4.823227833,-74.34586817,NUEVA UBICACION,0,0,HERMES-02,2026-08-06T16:34:18.760753
44,8,06/08/2026,11:34:11,4.823228,-74.345868,REENVIO PENDIENTE,0,0,HERMES-02,2026-08-06T16:39:30.950822
45,0,06/08/2026,11:34:11,4.823227833,-74.34586817,NUEVA UBICACION,0,0,HERMES-02,2026-08-06T16:34:11
46,0,06/08/2026,11:34:11,4.823228,-74.345868,REENVIO PENDIENTE,0,0,HERMES-02,2026-08-06T16:34:11
47,8,,No disponible,4.823219833,-74.34586533,NUEVA UBICACION,0,0,HERMES-02,2026-08-06T16:39:42.640497
48,9,,No disponible,4.82322,-74.345865,REENVIO PENDIENTE,0,0,HERMES-02,2026-08-06T16:44:54.233212
49,9,06/08/2026,11:44:58,4.8232145,-74.34588533,NUEVA UBICACION,0,0,HERMES-02,2026-08-06T16:45:06.848805
50,10,06/08/2026,11:44:58,4.823214,-74.345885,REENVIO PENDIENTE,0,0,HERMES-02,2026-08-06T16:50:19.039304
51,0,06/08/2026,11:44:58,4.8232145,-74.34588533,NUEVA UBICACION,0,0,HERMES-02,2026-08-06T16:44:58
52,0,06/08/2026,11:44:58,4.823214,-74.345885,REENVIO PENDIENTE,0,0,HERMES-02,2026-08-06T16:44:58
53,10,06/08/2026,11:50:23,4.823223,-74.34586317,NUEVA UBICACION,0,0,HERMES-02,2026-08-06T16:50:30.918031
54,11,06/08/2026,11:50:23,4.823223,-74.345863,REENVIO PENDIENTE,0,0,HERMES-02,2026-08-06T16:55:42.375354
55,0,06/08/2026,11:50:23,4.823223,-74.34586317,NUEVA UBICACION,0,0,HERMES-02,2026-08-06T16:50:23
56,0,06/08/2026,11:50:23,4.823223,-74.345863,REENVIO PENDIENTE,0,0,HERMES-02,2026-08-06T16:50:23
57,11,06/08/2026,11:55:46,4.82322,-74.34587067,NUEVA UBICACION,0,0,HERMES-02,2026-08-06T16:55:54.462058
58,12,06/08/2026,11:55:46,4.82322,-74.345871,REENVIO PENDIENTE,0,0,HERMES-02,2026-08-06T17:01:05.644100
59,0,06/08/2026,11:55:46,4.82322,-74.34587067,NUEVA UBICACION,0,0,HERMES-02,2026-08-06T16:55:46
60,0,06/08/2026,11:55:46,4.82322,-74.345871,REENVIO PENDIENTE,0,0,HERMES-02,2026-08-06T16:55:46
61,12,06/08/2026,12:01:09,4.8232105,-74.34588117,NUEVA UBICACION,0,0,HERMES-02,2026-08-06T17:01:18.142901
62,13,06/08/2026,12:01:09,4.823211,-74.345881,REENVIO PENDIENTE,0,0,HERMES-02,2026-08-06T17:06:29.938604
63,0,06/08/2026,12:01:09,4.8232105,-74.34588117,NUEVA UBICACION,0,0,HERMES-02,2026-08-06T17:01:09
64,0,06/08/2026,12:01:09,4.823211,-74.345881,REENVIO PENDIENTE,0,0,HERMES-02,2026-08-06T17:01:09
65,13,,No disponible,4.823216,-74.34588383,NUEVA UBICACION,0,0,HERMES-02,2026-08-06T17:06:42.165279
66,14,,No disponible,4.823216,-74.345884,REENVIO PENDIENTE,0,0,HERMES-02,2026-08-06T17:11:52.831499
67,14,06/08/2026,12:11:56,4.823221,-74.345872,NUEVA UBICACION,0,0,HERMES-02,2026-08-06T17:12:04.994849
68,15,06/08/2026,12:11:56,4.823221,-74.345872,REENVIO PENDIENTE,0,0,HERMES-02,2026-08-06T17:17:23.652756
69,0,06/08/2026,12:11:56,4.823221,-74.345872,NUEVA UBICACION,0,0,HERMES-02,2026-08-06T17:11:56
70,15,06/08/2026,12:17:27,4.82322,-74.34586783,NUEVA UBICACION,0,0,HERMES-02,2026-08-06T17:17:35.069065
71,16,06/08/2026,12:17:27,4.82322,-74.345868,REENVIO PENDIENTE,0,0,HERMES-02,2026-08-06T17:22:45.995429
72,0,06/08/2026,12:17:27,4.82322,-74.34586783,NUEVA UBICACION,0,0,HERMES-02,2026-08-06T17:17:27
73,0,06/08/2026,12:17:27,4.82322,-74.345868,REENVIO PENDIENTE,0,0,HERMES-02,2026-08-06T17:17:27
74,16,06/08/2026,12:22:50,4.823213,-74.345878,NUEVA UBICACION,0,0,HERMES-02,2026-08-06T17:22:58.378405
75,17,06/08/2026,12:22:50,4.823213,-74.345878,REENVIO PENDIENTE,0,0,HERMES-02,2026-08-06T17:28:11.075929
76,0,06/08/2026,12:22:50,4.823213,-74.345878,NUEVA UBICACION,0,0,HERMES-02,2026-08-06T17:22:50
77,17,06/08/2026,12:28:15,4.823222167,-74.34587317,NUEVA UBICACION,0,0,HERMES-02,2026-08-06T17:28:22.917293
78,18,06/08/2026,12:28:15,4.823222,-74.345873,REENVIO PENDIENTE,0,0,HERMES-02,2026-08-06T17:33:33.614545
79,0,06/08/2026,12:28:15,4.823222167,-74.34587317,NUEVA UBICACION,0,0,HERMES-02,2026-08-06T17:28:15
80,0,06/08/2026,12:28:15,4.823222,-74.345873,REENVIO PENDIENTE,0,0,HERMES-02,2026-08-06T17:28:15
81,18,,No disponible,4.8232165,-74.34587717,NUEVA UBICACION,0,0,HERMES-02,2026-08-06T17:33:45.402944
82,19,,No disponible,4.823217,-74.345877,REENVIO PENDIENTE,0,0,HERMES-02,2026-08-06T17:38:56.776331
83,19,06/08/2026,12:39:01,4.8232115,-74.34586133,NUEVA UBICACION,0,0,HERMES-02,2026-08-06T17:39:08.868578
84,20,06/08/2026,12:39:01,4.823212,-74.345861,REENVIO PENDIENTE,0,0,HERMES-02,2026-08-06T17:44:20.532679
85,0,06/08/2026,12:39:01,4.8232115,-74.34586133,NUEVA UBICACION,0,0,HERMES-02,2026-08-06T17:39:01
86,0,06/08/2026,12:39:01,4.823212,-74.345861,REENVIO PENDIENTE,0,0,HERMES-02,2026-08-06T17:39:01
87,20,,No disponible,4.823213333,-74.34588217,NUEVA UBICACION,0,0,HERMES-02,2026-08-06T17:44:32.838042
88,21,,No disponible,4.823213,-74.345882,REENVIO PENDIENTE,0,0,HERMES-02,2026-08-06T17:49:44.203959
89,21,06/08/2026,12:49:48,4.823213,-74.34587417,NUEVA UBICACION,0,0,HERMES-02,2026-08-06T17:49:55.600228
90,22,06/08/2026,12:49:48,4.823213,-74.345874,REENVIO PENDIENTE,0,0,HERMES-02,2026-08-06T17:55:08.800013
91,0,06/08/2026,12:49:48,4.823213,-74.34587417,NUEVA UBICACION,0,0,HERMES-02,2026-08-06T17:49:48
92,0,06/08/2026,12:49:48,4.823213,-74.345874,REENVIO PENDIENTE,0,0,HERMES-02,2026-08-06T17:49:48
93,22,06/08/2026,12:55:12,4.823218833,-74.34587633,NUEVA UBICACION,0,0,HERMES-02,2026-08-06T17:55:20.242508
94,23,06/08/2026,12:55:12,4.823219,-74.345876,REENVIO PENDIENTE,0,0,HERMES-02,2026-08-06T18:00:31.103755
95,0,06/08/2026,12:55:12,4.823218833,-74.34587633,NUEVA UBICACION,0,0,HERMES-02,2026-08-06T17:55:12
96,0,06/08/2026,12:55:12,4.823219,-74.345876,REENVIO PENDIENTE,0,0,HERMES-02,2026-08-06T17:55:12
97,23,06/08/2026,13:00:35,4.823207333,-74.34589117,NUEVA UBICACION,0,0,HERMES-02,2026-08-06T18:00:42.899593
98,24,06/08/2026,13:00:35,4.823207,-74.345891,REENVIO PENDIENTE,0,0,HERMES-02,2026-08-06T18:05:53.247857
99,0,06/08/2026,13:00:35,4.823207333,-74.34589117,NUEVA UBICACION,0,0,HERMES-02,2026-08-06T18:00:35
100,0,06/08/2026,13:00:35,4.823207,-74.345891,REENVIO PENDIENTE,0,0,HERMES-02,2026-08-06T18:00:35
101,24,06/08/2026,13:05:57,4.8232085,-74.34587617,NUEVA UBICACION,0,0,HERMES-02,2026-08-06T18:06:04.996740
102,25,06/08/2026,13:05:57,4.823208,-74.345876,REENVIO PENDIENTE,0,0,HERMES-02,2026-08-06T18:11:16.538833
103,0,06/08/2026,13:05:57,4.8232085,-74.34587617,NUEVA UBICACION,0,0,HERMES-02,2026-08-06T18:05:57
104,0,06/08/2026,13:05:57,4.823208,-74.345876,REENVIO PENDIENTE,0,0,HERMES-02,2026-08-06T18:05:57
105,25,06/08/2026,13:11:20,4.8232125,-74.34587567,NUEVA UBICACION,0,0,HERMES-02,2026-08-06T18:11:28.852161
106,26,06/08/2026,13:11:20,4.823213,-74.345876,REENVIO PENDIENTE,0,0,HERMES-02,2026-08-06T18:16:40.027642
107,0,06/08/2026,13:11:20,4.8232125,-74.34587567,NUEVA UBICACION,0,0,HERMES-02,2026-08-06T18:11:20
108,0,06/08/2026,13:11:20,4.823213,-74.345876,REENVIO PENDIENTE,0,0,HERMES-02,2026-08-06T18:11:20
109,26,06/08/2026,13:16:44,4.823220333,-74.34588333,NUEVA UBICACION,0,0,HERMES-02,2026-08-06T18:16:51.864751
110,27,06/08/2026,13:16:44,4.82322,-74.345883,REENVIO PENDIENTE,0,0,HERMES-02,2026-08-06T18:22:03.567227
111,0,06/08/2026,13:16:44,4.823220333,-74.34588333,NUEVA UBICACION,0,0,HERMES-02,2026-08-06T18:16:44
112,0,06/08/2026,13:16:44,4.82322,-74.345883,REENVIO PENDIENTE,0,0,HERMES-02,2026-08-06T18:16:44
113,27,06/08/2026,13:22:07,4.823209333,-74.34589883,NUEVA UBICACION,0,0,HERMES-02,2026-08-06T18:22:15.676445
114,28,06/08/2026,13:22:07,4.823209,-74.345899,REENVIO PENDIENTE,0,0,HERMES-02,2026-08-06T18:27:29.478247
115,0,06/08/2026,13:22:07,4.823209333,-74.34589883,NUEVA UBICACION,0,0,HERMES-02,2026-08-06T18:22:07
116,0,06/08/2026,13:22:07,4.823209,-74.345899,REENVIO PENDIENTE,0,0,HERMES-02,2026-08-06T18:22:07
117,28,06/08/2026,13:27:33,4.823207,-74.34591917,NUEVA UBICACION,0,0,HERMES-02,2026-08-06T18:27:42.562966
118,29,06/08/2026,13:27:33,4.823207,-74.345919,REENVIO PENDIENTE,0,0,HERMES-02,2026-08-06T18:32:54.662592
119,0,06/08/2026,13:27:33,4.823207,-74.34591917,NUEVA UBICACION,0,0,HERMES-02,2026-08-06T18:27:33
120,0,06/08/2026,13:27:33,4.823207,-74.345919,REENVIO PENDIENTE,0,0,HERMES-02,2026-08-06T18:27:33
121,29,06/08/2026,13:32:58,4.8231985,-74.34590017,NUEVA UBICACION,0,0,HERMES-02,2026-08-06T18:33:07.260479
122,30,06/08/2026,13:32:58,4.823199,-74.3459,REENVIO PENDIENTE,0,0,HERMES-02,2026-08-06T18:38:17.746610
123,0,06/08/2026,13:32:58,4.8231985,-74.34590017,NUEVA UBICACION,0,0,HERMES-02,2026-08-06T18:32:58
124,0,06/08/2026,13:32:58,4.823199,-74.3459,REENVIO PENDIENTE,0,0,HERMES-02,2026-08-06T18:32:58
125,30,06/08/2026,13:38:21,4.823205333,-74.34589817,NUEVA UBICACION,0,0,HERMES-02,2026-08-06T18:38:29.861156
126,31,06/08/2026,13:38:21,4.823205,-74.345898,REENVIO PENDIENTE,0,0,HERMES-02,2026-08-06T18:43:41.145597
127,0,06/08/2026,13:38:21,4.823205333,-74.34589817,NUEVA UBICACION,0,0,HERMES-02,2026-08-06T18:38:21
128,0,06/08/2026,13:38:21,4.823205,-74.345898,REENVIO PENDIENTE,0,0,HERMES-02,2026-08-06T18:38:21
129,31,06/08/2026,13:43:45,4.8232095,-74.34587183,NUEVA UBICACION,0,0,HERMES-02,2026-08-06T18:43:52.987091
130,32,06/08/2026,13:43:45,4.823209,-74.345872,REENVIO PENDIENTE,0,0,HERMES-02,2026-08-06T18:49:05.700935
131,0,06/08/2026,13:43:45,4.8232095,-74.34587183,NUEVA UBICACION,0,0,HERMES-02,2026-08-06T18:43:45
132,0,06/08/2026,13:43:45,4.823209,-74.345872,REENVIO PENDIENTE,0,0,HERMES-02,2026-08-06T18:43:45
133,32,06/08/2026,13:49:10,4.8232135,-74.3458795,NUEVA UBICACION,0,0,HERMES-02,2026-08-06T18:49:17.727847
134,33,06/08/2026,13:49:10,4.823213,-74.345879,REENVIO PENDIENTE,0,0,HERMES-02,2026-08-06T18:54:28.299103
135,0,06/08/2026,13:49:10,4.8232135,-74.3458795,NUEVA UBICACION,0,0,HERMES-02,2026-08-06T18:49:10
136,0,06/08/2026,13:49:10,4.823213,-74.345879,REENVIO PENDIENTE,0,0,HERMES-02,2026-08-06T18:49:10
137,33,06/08/2026,13:54:32,4.823205333,-74.34589033,NUEVA UBICACION,0,0,HERMES-02,2026-08-06T18:54:40.975350
138,34,06/08/2026,13:54:32,4.823205,-74.34589,REENVIO PENDIENTE,0,0,HERMES-02,2026-08-06T18:59:50.965918
139,0,06/08/2026,13:54:32,4.823205333,-74.34589033,NUEVA UBICACION,0,0,HERMES-02,2026-08-06T18:54:32
140,0,06/08/2026,13:54:32,4.823205,-74.34589,REENVIO PENDIENTE,0,0,HERMES-02,2026-08-06T18:54:32
141,34,06/08/2026,13:59:55,4.823213667,-74.34589967,NUEVA UBICACION,0,0,HERMES-02,2026-08-06T19:00:07.392592
142,35,06/08/2026,13:59:55,4.823214,-74.3459,REENVIO PENDIENTE,0,0,HERMES-02,2026-08-06T19:05:20.936716
143,0,06/08/2026,13:59:55,4.823213667,-74.34589967,NUEVA UBICACION,0,0,HERMES-02,2026-08-06T18:59:55
144,0,06/08/2026,13:59:55,4.823214,-74.3459,REENVIO PENDIENTE,0,0,HERMES-02,2026-08-06T18:59:55
145,35,,No disponible,4.823211667,-74.34588067,NUEVA UBICACION,0,0,HERMES-02,2026-08-06T19:05:33.230790
146,36,,No disponible,4.823212,-74.345881,REENVIO PENDIENTE,0,0,HERMES-02,2026-08-06T19:10:46.275914
147,36,06/08/2026,14:10:50,4.823212,-74.34587317,NUEVA UBICACION,0,0,HERMES-02,2026-08-06T19:10:58.279449
148,38,06/08/2026,14:10:50,4.823212,-74.345873,REENVIO PENDIENTE,0,0,HERMES-02,2026-08-06T19:25:05.434900
149,0,06/08/2026,14:10:50,4.823212,-74.34587317,NUEVA UBICACION,0,0,HERMES-02,2026-08-06T19:10:50
150,0,06/08/2026,14:10:50,4.823212,-74.345873,REENVIO PENDIENTE,0,0,HERMES-02,2026-08-06T19:10:50
151,37,06/08/2026,14:16:33,4.823152667,-74.345831,NUEVA UBICACION,0,0,HERMES-02,2026-08-06T19:16:44.978296
152,38,06/08/2026,14:16:33,4.823153,-74.345831,REENVIO PENDIENTE,0,0,HERMES-02,2026-08-06T19:25:13.309611
153,0,06/08/2026,14:16:33,4.823152667,-74.345831,NUEVA UBICACION,0,0,HERMES-02,2026-08-06T19:16:33
154,0,06/08/2026,14:16:33,4.823153,-74.345831,REENVIO PENDIENTE,0,0,HERMES-02,2026-08-06T19:16:33
155,38,06/08/2026,14:25:17,4.823161667,-74.3458335,NUEVA UBICACION,0,0,HERMES-02,2026-08-06T19:25:32.115278
156,39,06/08/2026,14:25:17,4.823162,-74.345833,REENVIO PENDIENTE,0,0,HERMES-02,2026-08-06T19:32:03.135325
157,0,06/08/2026,14:25:17,4.823161667,-74.3458335,NUEVA UBICACION,0,0,HERMES-02,2026-08-06T19:25:17
158,0,06/08/2026,14:25:17,4.823162,-74.345833,REENVIO PENDIENTE,0,0,HERMES-02,2026-08-06T19:25:17
159,40,06/08/2026,14:32:07,4.823178,-74.345827,REENVIO PENDIENTE,0,0,HERMES-02,2026-08-06T19:39:24.252464
160,0,06/08/2026,14:32:07,4.823178,-74.345827,REENVIO PENDIENTE,0,0,HERMES-02,2026-08-06T19:32:07
161,40,06/08/2026,14:39:28,4.823115333,-74.34585767,NUEVA UBICACION,0,0,HERMES-02,2026-08-06T19:39:39.012250
162,0,06/08/2026,14:39:28,4.823115333,-74.34585767,NUEVA UBICACION,0,0,HERMES-02,2026-08-06T19:39:28
163,41,,No disponible,4.823119167,-74.3458285,NUEVA UBICACION,0,0,HERMES-02,2026-08-06T19:45:37.046220
164,42,,No disponible,4.823119,-74.345828,REENVIO PENDIENTE,0,0,HERMES-02,2026-08-06T19:53:13.927263
165,42,06/08/2026,14:53:18,4.823144167,-74.3457985,NUEVA UBICACION,0,0,HERMES-02,2026-08-06T19:53:27.038813
166,43,06/08/2026,14:53:18,4.823144,-74.345799,REENVIO PENDIENTE,0,0,HERMES-02,2026-08-06T19:59:00.823187
167,0,06/08/2026,14:53:18,4.823144167,-74.3457985,NUEVA UBICACION,0,0,HERMES-02,2026-08-06T19:53:18
168,0,06/08/2026,14:53:18,4.823144,-74.345799,REENVIO PENDIENTE,0,0,HERMES-02,2026-08-06T19:53:18
169,43,06/08/2026,14:59:05,4.823142333,-74.3458005,NUEVA UBICACION,0,0,HERMES-02,2026-08-06T19:59:20.789428
170,44,06/08/2026,14:59:05,4.823142,-74.3458,REENVIO PENDIENTE,0,0,HERMES-02,2026-08-06T20:04:48.940982
171,0,06/08/2026,14:59:05,4.823142333,-74.3458005,NUEVA UBICACION,0,0,HERMES-02,2026-08-06T19:59:05
172,0,06/08/2026,14:59:05,4.823142,-74.3458,REENVIO PENDIENTE,0,0,HERMES-02,2026-08-06T19:59:05
173,44,06/08/2026,15:04:53,4.823133167,-74.34579767,NUEVA UBICACION,0,0,HERMES-02,2026-08-06T20:05:13.091374
174,45,06/08/2026,15:04:53,4.823133,-74.345798,REENVIO PENDIENTE,0,0,HERMES-02,2026-08-06T20:10:26.399063
175,0,06/08/2026,15:04:53,4.823133167,-74.34579767,NUEVA UBICACION,0,0,HERMES-02,2026-08-06T20:04:53
176,0,06/08/2026,15:04:53,4.823133,-74.345798,REENVIO PENDIENTE,0,0,HERMES-02,2026-08-06T20:04:53
177,45,,No disponible,4.823149,-74.345845,NUEVA UBICACION,0,0,HERMES-02,2026-08-06T20:10:41.613751
178,4,12/08/2026,08:17:48,4.823215833,-74.34585767,NUEVA UBICACION,0,0,HERMES-02,2026-08-12T13:18:01.607121
179,0,12/08/2026,08:17:48,4.823215833,-74.34585767,NUEVA UBICACION,0,0,HERMES-02,2026-08-12T13:17:48
180,5,12/08/2026,08:23:06,4.823204,-74.34588567,NUEVA UBICACION,0,0,HERMES-02,2026-08-12T13:23:09.771795
181,0,12/08/2026,08:23:06,4.823204,-74.34588567,NUEVA UBICACION,0,0,HERMES-02,2026-08-12T13:23:06
182,6,12/08/2026,08:28:18,4.823221,-74.34588617,NUEVA UBICACION,0,0,HERMES-02,2026-08-12T13:28:21.824021
183,0,12/08/2026,08:28:18,4.823221,-74.34588617,NUEVA UBICACION,0,0,HERMES-02,2026-08-12T13:28:18
184,7,12/08/2026,08:33:30,4.823219,-74.34588167,NUEVA UBICACION,0,0,HERMES-02,2026-08-12T13:33:33.783953
185,0,12/08/2026,08:33:30,4.823219,-74.34588167,NUEVA UBICACION,0,0,HERMES-02,2026-08-12T13:33:30
186,8,,No disponible,4.823223833,-74.34588983,NUEVA UBICACION,0,0,HERMES-02,2026-08-12T13:38:45.242224
187,9,12/08/2026,08:43:53,4.8232305,-74.345875,NUEVA UBICACION,0,0,HERMES-02,2026-08-12T13:43:57.254032
188,0,12/08/2026,08:43:53,4.8232305,-74.345875,NUEVA UBICACION,0,0,HERMES-02,2026-08-12T13:43:53
189,10,12/08/2026,08:49:06,4.823217833,-74.34589733,NUEVA UBICACION,0,0,HERMES-02,2026-08-12T13:49:09.637734
190,0,12/08/2026,08:49:06,4.823217833,-74.34589733,NUEVA UBICACION,0,0,HERMES-02,2026-08-12T13:49:06
191,11,12/08/2026,08:54:18,4.823219667,-74.34589317,NUEVA UBICACION,0,0,HERMES-02,2026-08-12T13:54:22.589639
192,0,12/08/2026,08:54:18,4.823219667,-74.34589317,NUEVA UBICACION,0,0,HERMES-02,2026-08-12T13:54:18
193,12,12/08/2026,08:59:31,4.823219167,-74.34589583,NUEVA UBICACION,0,0,HERMES-02,2026-08-12T13:59:34.895651
194,0,12/08/2026,08:59:31,4.823219167,-74.34589583,NUEVA UBICACION,0,0,HERMES-02,2026-08-12T13:59:31
195,13,12/08/2026,09:04:44,4.823216,-74.34590817,NUEVA UBICACION,0,0,HERMES-02,2026-08-12T14:04:48.157856
196,0,12/08/2026,09:04:44,4.823216,-74.34590817,NUEVA UBICACION,0,0,HERMES-02,2026-08-12T14:04:44
197,14,,No disponible,4.823230333,-74.345855,NUEVA UBICACION,0,0,HERMES-02,2026-08-12T14:09:59.428498
198,15,12/08/2026,09:15:10,4.823220333,-74.3458645,NUEVA UBICACION,0,0,HERMES-02,2026-08-12T14:15:13.491300
199,0,12/08/2026,09:15:10,4.823220333,-74.3458645,NUEVA UBICACION,0,0,HERMES-02,2026-08-12T14:15:10
200,16,12/08/2026,09:20:22,4.823213,-74.3458495,NUEVA UBICACION,0,0,HERMES-02,2026-08-12T14:20:25.738141
201,0,12/08/2026,09:20:22,4.823213,-74.3458495,NUEVA UBICACION,0,0,HERMES-02,2026-08-12T14:20:22
202,17,12/08/2026,09:25:34,4.8232205,-74.34586817,NUEVA UBICACION,0,0,HERMES-02,2026-08-12T14:25:37.299783
203,0,12/08/2026,09:25:34,4.8232205,-74.34586817,NUEVA UBICACION,0,0,HERMES-02,2026-08-12T14:25:34
204,33,12/08/2026,10:57:50,4.823209,-74.345892,REENVIO PENDIENTE,0,0,HERMES-02,2026-08-12T16:03:58.640572
205,0,12/08/2026,10:57:50,4.823209,-74.345892,REENVIO PENDIENTE,0,0,HERMES-02,2026-08-12T15:57:50
206,33,12/08/2026,11:04:02,4.823138833,-74.34582683,NUEVA UBICACION,0,0,HERMES-02,2026-08-12T16:04:06.536460
207,0,12/08/2026,11:04:02,4.823138833,-74.34582683,NUEVA UBICACION,0,0,HERMES-02,2026-08-12T16:04:02
208,34,12/08/2026,11:05:59,4.823138833,-74.34582683,ULTIMA UBICACION,0,0,HERMES-02,2026-08-12T16:06:03.053780
209,0,12/08/2026,11:05:59,4.823138833,-74.34582683,ULTIMA UBICACION,0,0,HERMES-02,2026-08-12T16:05:59
210,35,12/08/2026,11:07:01,4.810671667,-74.3684505,NUEVA UBICACION,0,0,HERMES-02,2026-08-12T16:07:06.917950
211,0,12/08/2026,11:07:01,4.810671667,-74.3684505,NUEVA UBICACION,0,0,HERMES-02,2026-08-12T16:07:01
212,36,12/08/2026,11:12:31,4.82313,-74.34582083,NUEVA UBICACION,0,0,HERMES-02,2026-08-12T16:12:35.379460
213,0,12/08/2026,11:12:31,4.82313,-74.34582083,NUEVA UBICACION,0,0,HERMES-02,2026-08-12T16:12:31
214,37,12/08/2026,11:17:40,4.822765,-74.34588483,NUEVA UBICACION,0,0,HERMES-02,2026-08-12T16:17:44.814492
215,0,12/08/2026,11:17:40,4.822765,-74.34588483,NUEVA UBICACION,0,0,HERMES-02,2026-08-12T16:17:40
216,38,12/08/2026,11:22:54,4.819826,-74.3483485,NUEVA UBICACION,0,0,HERMES-02,2026-08-12T16:23:14.318962
217,0,12/08/2026,11:22:54,4.819826,-74.3483485,NUEVA UBICACION,0,0,HERMES-02,2026-08-12T16:22:54
218,39,12/08/2026,11:28:22,4.810075333,-74.35437317,NUEVA UBICACION,0,0,HERMES-02,2026-08-12T16:28:26.041536
219,0,12/08/2026,11:28:22,4.810075333,-74.35437317,NUEVA UBICACION,0,0,HERMES-02,2026-08-12T16:28:22
220,41,12/08/2026,11:34:01,4.810255,-74.356749,REENVIO PENDIENTE,0,0,HERMES-02,2026-08-12T16:39:47.278375
221,0,12/08/2026,11:34:01,4.810255,-74.356749,REENVIO PENDIENTE,0,0,HERMES-02,2026-08-12T16:34:01
222,41,12/08/2026,11:39:50,4.812588,-74.35790217,NUEVA UBICACION,0,0,HERMES-02,2026-08-12T16:39:53.897472
223,0,12/08/2026,11:39:50,4.812588,-74.35790217,NUEVA UBICACION,0,0,HERMES-02,2026-08-12T16:39:50
224,42,12/08/2026,11:45:09,4.814984667,-74.35356783,NUEVA UBICACION,0,0,HERMES-02,2026-08-12T16:45:13.377072
225,0,12/08/2026,11:45:09,4.814984667,-74.35356783,NUEVA UBICACION,0,0,HERMES-02,2026-08-12T16:45:09
226,43,12/08/2026,11:50:23,4.819980833,-74.35490267,NUEVA UBICACION,0,0,HERMES-02,2026-08-12T16:51:21.681729
227,0,12/08/2026,11:50:23,4.819980833,-74.35490267,NUEVA UBICACION,0,0,HERMES-02,2026-08-12T16:50:23
228,44,12/08/2026,11:56:32,4.8222295,-74.35280333,NUEVA UBICACION,0,0,HERMES-02,2026-08-12T16:56:36.345380
229,0,12/08/2026,11:56:32,4.8222295,-74.35280333,NUEVA UBICACION,0,0,HERMES-02,2026-08-12T16:56:32
230,82,12/08/2026,12:02:11,4.825202,-74.351887,REENVIO PENDIENTE,0,0,HERMES-02,2026-08-12T20:47:21.164479
231,0,12/08/2026,12:02:11,4.825202,-74.351887,REENVIO PENDIENTE,0,0,HERMES-02,2026-08-12T17:02:11
232,82,12/08/2026,12:08:17,4.825201,-74.351912,REENVIO PENDIENTE,0,0,HERMES-02,2026-08-12T20:47:25.736963
233,0,12/08/2026,12:08:17,4.825201,-74.351912,REENVIO PENDIENTE,0,0,HERMES-02,2026-08-12T17:08:17
234,82,12/08/2026,12:14:23,4.825208,-74.351905,REENVIO PENDIENTE,0,0,HERMES-02,2026-08-12T20:47:32.419923
235,0,12/08/2026,12:14:23,4.825208,-74.351905,REENVIO PENDIENTE,0,0,HERMES-02,2026-08-12T17:14:23
236,82,12/08/2026,12:20:28,4.825171,-74.351908,REENVIO PENDIENTE,0,0,HERMES-02,2026-08-12T20:47:38.285208
237,0,12/08/2026,12:20:28,4.825171,-74.351908,REENVIO PENDIENTE,0,0,HERMES-02,2026-08-12T17:20:28
238,82,12/08/2026,12:26:34,4.825201,-74.351888,REENVIO PENDIENTE,0,0,HERMES-02,2026-08-12T20:47:43.067619
239,0,12/08/2026,12:26:34,4.825201,-74.351888,REENVIO PENDIENTE,0,0,HERMES-02,2026-08-12T17:26:34
240,82,12/08/2026,12:32:40,4.825168,-74.351927,REENVIO PENDIENTE,0,0,HERMES-02,2026-08-12T20:47:47.537359
241,0,12/08/2026,12:32:40,4.825168,-74.351927,REENVIO PENDIENTE,0,0,HERMES-02,2026-08-12T17:32:40
242,82,12/08/2026,12:38:46,4.825206,-74.351891,REENVIO PENDIENTE,0,0,HERMES-02,2026-08-12T20:47:52.073784
243,0,12/08/2026,12:38:46,4.825206,-74.351891,REENVIO PENDIENTE,0,0,HERMES-02,2026-08-12T17:38:46
244,82,12/08/2026,12:44:52,4.825219,-74.351921,REENVIO PENDIENTE,0,0,HERMES-02,2026-08-12T20:47:56.538431
245,0,12/08/2026,12:44:52,4.825219,-74.351921,REENVIO PENDIENTE,0,0,HERMES-02,2026-08-12T17:44:52
246,82,12/08/2026,12:50:58,4.825179,-74.35193,REENVIO PENDIENTE,0,0,HERMES-02,2026-08-12T20:48:01.087950
247,0,12/08/2026,12:50:58,4.825179,-74.35193,REENVIO PENDIENTE,0,0,HERMES-02,2026-08-12T17:50:58
248,82,12/08/2026,12:57:04,4.825222,-74.351901,REENVIO PENDIENTE,0,0,HERMES-02,2026-08-12T20:48:05.492415
249,0,12/08/2026,12:57:04,4.825222,-74.351901,REENVIO PENDIENTE,0,0,HERMES-02,2026-08-12T17:57:04
250,82,12/08/2026,13:03:10,4.825224,-74.351899,REENVIO PENDIENTE,0,0,HERMES-02,2026-08-12T20:48:09.983353
251,0,12/08/2026,13:03:10,4.825224,-74.351899,REENVIO PENDIENTE,0,0,HERMES-02,2026-08-12T18:03:10
252,82,12/08/2026,13:09:16,4.825194,-74.351883,REENVIO PENDIENTE,0,0,HERMES-02,2026-08-12T20:48:14.395895
253,0,12/08/2026,13:09:16,4.825194,-74.351883,REENVIO PENDIENTE,0,0,HERMES-02,2026-08-12T18:09:16
254,82,12/08/2026,13:15:22,4.825205,-74.351894,REENVIO PENDIENTE,0,0,HERMES-02,2026-08-12T20:48:18.922298
255,0,12/08/2026,13:15:22,4.825205,-74.351894,REENVIO PENDIENTE,0,0,HERMES-02,2026-08-12T18:15:22
256,82,12/08/2026,13:21:28,4.825205,-74.351889,REENVIO PENDIENTE,0,0,HERMES-02,2026-08-12T20:48:23.581332
257,0,12/08/2026,13:21:28,4.825205,-74.351889,REENVIO PENDIENTE,0,0,HERMES-02,2026-08-12T18:21:28
258,82,12/08/2026,13:27:35,4.825179,-74.351892,REENVIO PENDIENTE,0,0,HERMES-02,2026-08-12T20:48:28.224667
259,0,12/08/2026,13:27:35,4.825179,-74.351892,REENVIO PENDIENTE,0,0,HERMES-02,2026-08-12T18:27:35
260,82,12/08/2026,13:33:40,4.825192,-74.351857,REENVIO PENDIENTE,0,0,HERMES-02,2026-08-12T20:48:33.039013
261,0,12/08/2026,13:33:40,4.825192,-74.351857,REENVIO PENDIENTE,0,0,HERMES-02,2026-08-12T18:33:40
262,82,12/08/2026,13:39:47,4.825198,-74.351887,REENVIO PENDIENTE,0,0,HERMES-02,2026-08-12T20:48:37.705029
263,0,12/08/2026,13:39:47,4.825198,-74.351887,REENVIO PENDIENTE,0,0,HERMES-02,2026-08-12T18:39:47
264,82,12/08/2026,13:45:53,4.825168,-74.35187,REENVIO PENDIENTE,0,0,HERMES-02,2026-08-12T20:48:43.750285
265,0,12/08/2026,13:45:53,4.825168,-74.35187,REENVIO PENDIENTE,0,0,HERMES-02,2026-08-12T18:45:53
266,82,12/08/2026,13:51:59,4.825175,-74.351889,REENVIO PENDIENTE,0,0,HERMES-02,2026-08-12T20:48:48.309408
267,0,12/08/2026,13:51:59,4.825175,-74.351889,REENVIO PENDIENTE,0,0,HERMES-02,2026-08-12T18:51:59
268,82,12/08/2026,13:58:05,4.825176,-74.351889,REENVIO PENDIENTE,0,0,HERMES-02,2026-08-12T20:48:52.932471
269,0,12/08/2026,13:58:05,4.825176,-74.351889,REENVIO PENDIENTE,0,0,HERMES-02,2026-08-12T18:58:05
270,83,12/08/2026,14:04:11,4.820587,-74.348883,REENVIO PENDIENTE,0,0,HERMES-02,2026-08-12T20:54:09.532479
271,0,12/08/2026,14:04:11,4.820587,-74.348883,REENVIO PENDIENTE,0,0,HERMES-02,2026-08-12T19:04:11
272,83,12/08/2026,14:10:16,4.820385,-74.348031,REENVIO PENDIENTE,0,0,HERMES-02,2026-08-12T20:54:14.286515
273,0,12/08/2026,14:10:16,4.820385,-74.348031,REENVIO PENDIENTE,0,0,HERMES-02,2026-08-12T19:10:16
274,83,12/08/2026,14:16:22,4.823008,-74.34598,REENVIO PENDIENTE,0,0,HERMES-02,2026-08-12T20:54:18.946916
275,0,12/08/2026,14:16:22,4.823008,-74.34598,REENVIO PENDIENTE,0,0,HERMES-02,2026-08-12T19:16:22
276,83,12/08/2026,14:22:27,4.823127,-74.345835,REENVIO PENDIENTE,0,0,HERMES-02,2026-08-12T20:54:23.600956
277,0,12/08/2026,14:22:27,4.823127,-74.345835,REENVIO PENDIENTE,0,0,HERMES-02,2026-08-12T19:22:27
278,83,12/08/2026,14:28:33,4.823083,-74.345866,REENVIO PENDIENTE,0,0,HERMES-02,2026-08-12T20:54:28.373645
279,0,12/08/2026,14:28:33,4.823083,-74.345866,REENVIO PENDIENTE,0,0,HERMES-02,2026-08-12T19:28:33
280,83,12/08/2026,14:34:38,4.823125,-74.345811,REENVIO PENDIENTE,0,0,HERMES-02,2026-08-12T20:54:32.968735
281,0,12/08/2026,14:34:38,4.823125,-74.345811,REENVIO PENDIENTE,0,0,HERMES-02,2026-08-12T19:34:38
282,83,12/08/2026,14:40:44,4.823146,-74.345828,REENVIO PENDIENTE,0,0,HERMES-02,2026-08-12T20:54:37.452009
283,0,12/08/2026,14:40:44,4.823146,-74.345828,REENVIO PENDIENTE,0,0,HERMES-02,2026-08-12T19:40:44
284,83,12/08/2026,14:46:50,4.823106,-74.345838,REENVIO PENDIENTE,0,0,HERMES-02,2026-08-12T20:54:42.166894
285,0,12/08/2026,14:46:50,4.823106,-74.345838,REENVIO PENDIENTE,0,0,HERMES-02,2026-08-12T19:46:50
286,83,12/08/2026,14:52:55,4.823071,-74.34587,REENVIO PENDIENTE,0,0,HERMES-02,2026-08-12T20:54:46.702947
287,0,12/08/2026,14:52:55,4.823071,-74.34587,REENVIO PENDIENTE,0,0,HERMES-02,2026-08-12T19:52:55
288,83,12/08/2026,14:59:01,4.823085,-74.345827,REENVIO PENDIENTE,0,0,HERMES-02,2026-08-12T20:54:51.127314
289,0,12/08/2026,14:59:01,4.823085,-74.345827,REENVIO PENDIENTE,0,0,HERMES-02,2026-08-12T19:59:01
290,83,12/08/2026,15:05:06,4.823122,-74.345844,REENVIO PENDIENTE,0,0,HERMES-02,2026-08-12T20:54:55.674329
291,0,12/08/2026,15:05:06,4.823122,-74.345844,REENVIO PENDIENTE,0,0,HERMES-02,2026-08-12T20:05:06
292,83,12/08/2026,15:11:12,4.823123,-74.345826,REENVIO PENDIENTE,0,0,HERMES-02,2026-08-12T20:55:00.126917
293,0,12/08/2026,15:11:12,4.823123,-74.345826,REENVIO PENDIENTE,0,0,HERMES-02,2026-08-12T20:11:12
294,83,12/08/2026,15:17:18,4.823134,-74.345856,REENVIO PENDIENTE,0,0,HERMES-02,2026-08-12T20:55:04.602714
295,0,12/08/2026,15:17:18,4.823134,-74.345856,REENVIO PENDIENTE,0,0,HERMES-02,2026-08-12T20:17:18
296,83,12/08/2026,15:23:24,4.823169,-74.345798,REENVIO PENDIENTE,0,0,HERMES-02,2026-08-12T20:55:09.278229
297,0,12/08/2026,15:23:24,4.823169,-74.345798,REENVIO PENDIENTE,0,0,HERMES-02,2026-08-12T20:23:24
298,83,12/08/2026,15:29:29,4.823111,-74.345829,REENVIO PENDIENTE,0,0,HERMES-02,2026-08-12T20:55:13.922057
299,0,12/08/2026,15:29:29,4.823111,-74.345829,REENVIO PENDIENTE,0,0,HERMES-02,2026-08-12T20:29:29
300,83,12/08/2026,15:35:35,4.823108,-74.345825,REENVIO PENDIENTE,0,0,HERMES-02,2026-08-12T20:55:18.412104
301,0,12/08/2026,15:35:35,4.823108,-74.345825,REENVIO PENDIENTE,0,0,HERMES-02,2026-08-12T20:35:35
302,83,12/08/2026,15:41:40,4.82313,-74.345833,REENVIO PENDIENTE,0,0,HERMES-02,2026-08-12T20:55:23.041385
303,0,12/08/2026,15:41:40,4.82313,-74.345833,REENVIO PENDIENTE,0,0,HERMES-02,2026-08-12T20:41:40
304,82,12/08/2026,15:48:56,4.823174,-74.34588583,NUEVA UBICACION,0,0,HERMES-02,2026-08-12T20:49:00.761023
305,0,12/08/2026,15:48:56,4.823174,-74.34588583,NUEVA UBICACION,0,0,HERMES-02,2026-08-12T20:48:56
306,83,12/08/2026,15:55:26,4.823243833,-74.345877,NUEVA UBICACION,0,0,HERMES-02,2026-08-12T20:55:29.729063
307,0,12/08/2026,15:55:26,4.823243833,-74.345877,NUEVA UBICACION,0,0,HERMES-02,2026-08-12T20:55:26
308,84,12/08/2026,16:00:36,4.8232335,-74.34590883,NUEVA UBICACION,0,0,HERMES-02,2026-08-12T21:00:39.885139
309,0,12/08/2026,16:00:36,4.8232335,-74.34590883,NUEVA UBICACION,0,0,HERMES-02,2026-08-12T21:00:36
310,85,12/08/2026,16:05:49,4.823192,-74.34591767,NUEVA UBICACION,0,0,HERMES-02,2026-08-12T21:05:52.472427
311,0,12/08/2026,16:05:49,4.823192,-74.34591767,NUEVA UBICACION,0,0,HERMES-02,2026-08-12T21:05:49
312,86,12/08/2026,16:11:01,4.823218833,-74.34584317,NUEVA UBICACION,0,0,HERMES-02,2026-08-12T21:11:05.032198
313,0,12/08/2026,16:11:01,4.823218833,-74.34584317,NUEVA UBICACION,0,0,HERMES-02,2026-08-12T21:11:01
314,87,12/08/2026,16:16:16,4.823241167,-74.3458345,NUEVA UBICACION,0,0,HERMES-02,2026-08-12T21:16:19.745649
315,0,12/08/2026,16:16:16,4.823241167,-74.3458345,NUEVA UBICACION,0,0,HERMES-02,2026-08-12T21:16:16
316,88,12/08/2026,16:26:22,4.823217667,-74.34585517,NUEVA UBICACION,0,0,HERMES-02,2026-08-12T21:26:25.883317
317,0,12/08/2026,16:26:22,4.823217667,-74.34585517,NUEVA UBICACION,0,0,HERMES-02,2026-08-12T21:26:22
318,90,12/08/2026,16:46:39,4.823214167,-74.34588083,NUEVA UBICACION,0,0,HERMES-02,2026-08-12T21:46:42.564481
319,0,12/08/2026,16:46:39,4.823214167,-74.34588083,NUEVA UBICACION,0,0,HERMES-02,2026-08-12T21:46:39
320,91,12/08/2026,16:56:46,4.823219167,-74.3458305,NUEVA UBICACION,0,0,HERMES-02,2026-08-12T21:56:50.022163
321,0,12/08/2026,16:56:46,4.823219167,-74.3458305,NUEVA UBICACION,0,0,HERMES-02,2026-08-12T21:56:46
322,92,12/08/2026,17:06:55,4.823231333,-74.34583783,NUEVA UBICACION,0,0,HERMES-02,2026-08-12T22:06:59.092543
323,0,12/08/2026,17:06:55,4.823231333,-74.34583783,NUEVA UBICACION,0,0,HERMES-02,2026-08-12T22:06:55
324,94,12/08/2026,17:27:11,4.823149167,-74.34592083,NUEVA UBICACION,0,0,HERMES-02,2026-08-12T22:27:15.456780
325,0,12/08/2026,17:27:11,4.823149167,-74.34592083,NUEVA UBICACION,0,0,HERMES-02,2026-08-12T22:27:11
326,95,12/08/2026,17:32:26,4.823202667,-74.34579717,NUEVA UBICACION,0,0,HERMES-02,2026-08-12T22:32:29.631290
327,0,12/08/2026,17:32:26,4.823202667,-74.34579717,NUEVA UBICACION,0,0,HERMES-02,2026-08-12T22:32:26
328,0,12/08/2026,18:19:44,4.823329,-74.345849,REENVIO PENDIENTE,0,0,HERMES-02,2026-08-12T23:19:44
329,0,12/08/2026,18:25:50,4.823417,-74.345857,REENVIO PENDIENTE,0,0,HERMES-02,2026-08-12T23:25:50
330,0,12/08/2026,18:31:55,4.822462,-74.346599,REENVIO PENDIENTE,0,0,HERMES-02,2026-08-12T23:31:55
331,0,12/08/2026,18:38:01,4.817937,-74.349106,REENVIO PENDIENTE,0,0,HERMES-02,2026-08-12T23:38:01
332,0,12/08/2026,18:44:07,4.809618,-74.356099,REENVIO PENDIENTE,0,0,HERMES-02,2026-08-12T23:44:07
333,0,12/08/2026,18:50:13,4.789709,-74.334807,REENVIO PENDIENTE,0,0,HERMES-02,2026-08-12T23:50:13
334,0,12/08/2026,18:56:19,4.786112,-74.33326,REENVIO PENDIENTE,0,0,HERMES-02,2026-08-12T23:56:19
335,0,12/08/2026,19:02:25,4.750106,-74.293841,REENVIO PENDIENTE,0,0,HERMES-02,2026-08-13T00:02:25
336,0,12/08/2026,19:08:31,4.739088,-74.254092,REENVIO PENDIENTE,0,0,HERMES-02,2026-08-13T00:08:31
337,0,12/08/2026,19:14:37,4.733868,-74.246089,REENVIO PENDIENTE,0,0,HERMES-02,2026-08-13T00:14:37
338,0,12/08/2026,19:20:43,4.733906,-74.245841,REENVIO PENDIENTE,0,0,HERMES-02,2026-08-13T00:20:43
339,0,12/08/2026,19:26:49,4.734031,-74.245646,REENVIO PENDIENTE,0,0,HERMES-02,2026-08-13T00:26:49
340,0,12/08/2026,19:32:55,4.734,-74.245412,REENVIO PENDIENTE,0,0,HERMES-02,2026-08-13T00:32:55
341,0,12/08/2026,19:39:01,4.733989,-74.245468,REENVIO PENDIENTE,0,0,HERMES-02,2026-08-13T00:39:01
342,0,12/08/2026,19:45:07,4.733966,-74.24559,REENVIO PENDIENTE,0,0,HERMES-02,2026-08-13T00:45:07
343,0,12/08/2026,19:51:13,4.734034,-74.245478,REENVIO PENDIENTE,0,0,HERMES-02,2026-08-13T00:51:13
344,0,12/08/2026,19:57:20,4.733999,-74.245527,REENVIO PENDIENTE,0,0,HERMES-02,2026-08-13T00:57:20
345,0,12/08/2026,20:03:26,4.733985,-74.24544,REENVIO PENDIENTE,0,0,HERMES-02,2026-08-13T01:03:26
346,0,12/08/2026,20:09:32,4.733985,-74.245491,REENVIO PENDIENTE,0,0,HERMES-02,2026-08-13T01:09:32
347,0,12/08/2026,20:15:38,4.733984,-74.245456,REENVIO PENDIENTE,0,0,HERMES-02,2026-08-13T01:15:38
348,0,12/08/2026,20:21:45,4.733966,-74.245468,REENVIO PENDIENTE,0,0,HERMES-02,2026-08-13T01:21:45
349,0,12/08/2026,20:27:51,4.733987,-74.245528,REENVIO PENDIENTE,0,0,HERMES-02,2026-08-13T01:27:51
350,0,12/08/2026,20:33:56,4.733966,-74.245432,REENVIO PENDIENTE,0,0,HERMES-02,2026-08-13T01:33:56
351,0,12/08/2026,20:40:02,4.734018,-74.245457,REENVIO PENDIENTE,0,0,HERMES-02,2026-08-13T01:40:02
352,0,12/08/2026,20:46:08,4.733994,-74.24549,REENVIO PENDIENTE,0,0,HERMES-02,2026-08-13T01:46:08
353,0,12/08/2026,20:52:14,4.733969,-74.245477,REENVIO PENDIENTE,0,0,HERMES-02,2026-08-13T01:52:14
354,0,12/08/2026,20:58:20,4.733975,-74.245453,REENVIO PENDIENTE,0,0,HERMES-02,2026-08-13T01:58:20
355,0,12/08/2026,21:04:26,4.733984,-74.245438,REENVIO PENDIENTE,0,0,HERMES-02,2026-08-13T02:04:26
356,0,12/08/2026,21:10:32,4.733978,-74.245495,REENVIO PENDIENTE,0,0,HERMES-02,2026-08-13T02:10:32
357,0,12/08/2026,21:16:38,4.733965,-74.245522,REENVIO PENDIENTE,0,0,HERMES-02,2026-08-13T02:16:38
358,0,12/08/2026,21:22:44,4.733994,-74.245486,REENVIO PENDIENTE,0,0,HERMES-02,2026-08-13T02:22:44
359,0,12/08/2026,21:28:50,4.734062,-74.245438,REENVIO PENDIENTE,0,0,HERMES-02,2026-08-13T02:28:50
360,0,12/08/2026,21:34:56,4.734031,-74.24548,REENVIO PENDIENTE,0,0,HERMES-02,2026-08-13T02:34:56
361,0,12/08/2026,21:41:02,4.733987,-74.245473,REENVIO PENDIENTE,0,0,HERMES-02,2026-08-13T02:41:02
362,0,12/08/2026,21:47:08,4.734016,-74.24548,REENVIO PENDIENTE,0,0,HERMES-02,2026-08-13T02:47:08
363,0,12/08/2026,21:53:14,4.733992,-74.245519,REENVIO PENDIENTE,0,0,HERMES-02,2026-08-13T02:53:14
364,0,12/08/2026,21:59:21,4.733988,-74.245483,REENVIO PENDIENTE,0,0,HERMES-02,2026-08-13T02:59:21
365,0,12/08/2026,22:05:27,4.733992,-74.245512,REENVIO PENDIENTE,0,0,HERMES-02,2026-08-13T03:05:27
366,0,12/08/2026,22:11:33,4.733689,-74.245372,REENVIO PENDIENTE,0,0,HERMES-02,2026-08-13T03:11:33
367,0,12/08/2026,22:17:39,4.734073,-74.245467,REENVIO PENDIENTE,0,0,HERMES-02,2026-08-13T03:17:39
368,0,12/08/2026,22:23:45,4.734045,-74.245551,REENVIO PENDIENTE,0,0,HERMES-02,2026-08-13T03:23:45
369,0,12/08/2026,22:29:51,4.733964,-74.245473,REENVIO PENDIENTE,0,0,HERMES-02,2026-08-13T03:29:51
370,0,12/08/2026,22:35:57,4.733958,-74.245471,REENVIO PENDIENTE,0,0,HERMES-02,2026-08-13T03:35:57
371,0,12/08/2026,22:42:03,4.733987,-74.245533,REENVIO PENDIENTE,0,0,HERMES-02,2026-08-13T03:42:03
372,0,12/08/2026,22:48:09,4.734018,-74.245539,REENVIO PENDIENTE,0,0,HERMES-02,2026-08-13T03:48:09
373,0,12/08/2026,22:54:15,4.734043,-74.245513,REENVIO PENDIENTE,0,0,HERMES-02,2026-08-13T03:54:15
374,0,12/08/2026,23:00:20,4.733973,-74.245521,REENVIO PENDIENTE,0,0,HERMES-02,2026-08-13T04:00:20
375,0,12/08/2026,23:06:26,4.734138,-74.24556,REENVIO PENDIENTE,0,0,HERMES-02,2026-08-13T04:06:26
376,0,12/08/2026,23:12:32,4.733953,-74.24555,REENVIO PENDIENTE,0,0,HERMES-02,2026-08-13T04:12:32
377,0,12/08/2026,23:18:38,4.733966,-74.2455,REENVIO PENDIENTE,0,0,HERMES-02,2026-08-13T04:18:38
378,0,12/08/2026,23:24:45,4.733956,-74.245426,REENVIO PENDIENTE,0,0,HERMES-02,2026-08-13T04:24:45
379,0,12/08/2026,23:30:51,4.733994,-74.245489,REENVIO PENDIENTE,0,0,HERMES-02,2026-08-13T04:30:51
380,0,12/08/2026,23:36:57,4.733951,-74.245437,REENVIO PENDIENTE,0,0,HERMES-02,2026-08-13T04:36:57
381,0,12/08/2026,23:43:03,4.734018,-74.245514,REENVIO PENDIENTE,0,0,HERMES-02,2026-08-13T04:43:03
382,0,12/08/2026,23:49:09,4.733987,-74.245493,REENVIO PENDIENTE,0,0,HERMES-02,2026-08-13T04:49:09
383,0,12/08/2026,23:55:15,4.733924,-74.245464,REENVIO PENDIENTE,0,0,HERMES-02,2026-08-13T04:55:15
384,0,13/08/2026,00:01:21,4.733909,-74.245374,REENVIO PENDIENTE,0,0,HERMES-02,2026-08-13T05:01:21
385,0,13/08/2026,00:07:27,4.733866,-74.245524,REENVIO PENDIENTE,0,0,HERMES-02,2026-08-13T05:07:27
386,0,13/08/2026,00:13:33,4.73401,-74.24548,REENVIO PENDIENTE,0,0,HERMES-02,2026-08-13T05:13:33
387,0,13/08/2026,00:19:39,4.734006,-74.245451,REENVIO PENDIENTE,0,0,HERMES-02,2026-08-13T05:19:39
388,0,13/08/2026,00:25:45,4.733955,-74.245534,REENVIO PENDIENTE,0,0,HERMES-02,2026-08-13T05:25:45
389,0,13/08/2026,00:31:51,4.733961,-74.245468,REENVIO PENDIENTE,0,0,HERMES-02,2026-08-13T05:31:51
390,0,13/08/2026,00:37:57,4.733922,-74.24548,REENVIO PENDIENTE,0,0,HERMES-02,2026-08-13T05:37:57
391,0,13/08/2026,00:44:03,4.733997,-74.245463,REENVIO PENDIENTE,0,0,HERMES-02,2026-08-13T05:44:03
392,0,13/08/2026,00:50:10,4.733957,-74.2455,REENVIO PENDIENTE,0,0,HERMES-02,2026-08-13T05:50:10
393,0,13/08/2026,00:56:16,4.73403,-74.245512,REENVIO PENDIENTE,0,0,HERMES-02,2026-08-13T05:56:16
394,0,13/08/2026,01:02:22,4.734013,-74.245532,REENVIO PENDIENTE,0,0,HERMES-02,2026-08-13T06:02:22
395,0,13/08/2026,01:08:28,4.733924,-74.245451,REENVIO PENDIENTE,0,0,HERMES-02,2026-08-13T06:08:28
396,0,13/08/2026,01:14:34,4.733997,-74.245454,REENVIO PENDIENTE,0,0,HERMES-02,2026-08-13T06:14:34
397,0,13/08/2026,01:20:40,4.733858,-74.245484,REENVIO PENDIENTE,0,0,HERMES-02,2026-08-13T06:20:40
398,0,13/08/2026,01:26:46,4.733971,-74.245281,REENVIO PENDIENTE,0,0,HERMES-02,2026-08-13T06:26:46
399,0,13/08/2026,01:32:52,4.733899,-74.24566,REENVIO PENDIENTE,0,0,HERMES-02,2026-08-13T06:32:52
400,0,13/08/2026,01:38:58,4.733959,-74.245203,REENVIO PENDIENTE,0,0,HERMES-02,2026-08-13T06:38:58
401,0,13/08/2026,01:45:04,4.734056,-74.245508,REENVIO PENDIENTE,0,0,HERMES-02,2026-08-13T06:45:04
402,0,13/08/2026,01:51:10,4.733914,-74.245504,REENVIO PENDIENTE,0,0,HERMES-02,2026-08-13T06:51:10
403,0,13/08/2026,01:57:16,4.733987,-74.245523,REENVIO PENDIENTE,0,0,HERMES-02,2026-08-13T06:57:16
404,0,13/08/2026,02:03:22,4.733979,-74.245458,REENVIO PENDIENTE,0,0,HERMES-02,2026-08-13T07:03:22
405,0,13/08/2026,02:09:28,4.73395,-74.245443,REENVIO PENDIENTE,0,0,HERMES-02,2026-08-13T07:09:28
406,0,13/08/2026,02:15:34,4.734053,-74.245452,REENVIO PENDIENTE,0,0,HERMES-02,2026-08-13T07:15:34
407,0,13/08/2026,02:21:40,4.733968,-74.245548,REENVIO PENDIENTE,0,0,HERMES-02,2026-08-13T07:21:40
408,0,13/08/2026,02:27:46,4.73394,-74.24557,REENVIO PENDIENTE,0,0,HERMES-02,2026-08-13T07:27:46
409,0,13/08/2026,02:33:52,4.733958,-74.245333,REENVIO PENDIENTE,0,0,HERMES-02,2026-08-13T07:33:52
410,0,13/08/2026,02:39:58,4.733906,-74.245452,REENVIO PENDIENTE,0,0,HERMES-02,2026-08-13T07:39:58
411,0,13/08/2026,02:46:04,4.734022,-74.245416,REENVIO PENDIENTE,0,0,HERMES-02,2026-08-13T07:46:04
412,0,13/08/2026,02:52:10,4.733972,-74.245643,REENVIO PENDIENTE,0,0,HERMES-02,2026-08-13T07:52:10
413,0,13/08/2026,02:58:16,4.733949,-74.245505,REENVIO PENDIENTE,0,0,HERMES-02,2026-08-13T07:58:16
414,0,13/08/2026,03:04:22,4.733908,-74.245341,REENVIO PENDIENTE,0,0,HERMES-02,2026-08-13T08:04:22
415,0,13/08/2026,03:10:28,4.73378,-74.245374,REENVIO PENDIENTE,0,0,HERMES-02,2026-08-13T08:10:28
416,0,13/08/2026,03:16:34,4.733652,-74.245427,REENVIO PENDIENTE,0,0,HERMES-02,2026-08-13T08:16:34
417,0,13/08/2026,03:22:40,4.73395,-74.245482,REENVIO PENDIENTE,0,0,HERMES-02,2026-08-13T08:22:40
418,0,13/08/2026,03:28:46,4.733984,-74.245455,REENVIO PENDIENTE,0,0,HERMES-02,2026-08-13T08:28:46
419,0,13/08/2026,03:34:52,4.733973,-74.245493,REENVIO PENDIENTE,0,0,HERMES-02,2026-08-13T08:34:52
420,0,13/08/2026,03:40:59,4.734042,-74.245476,REENVIO PENDIENTE,0,0,HERMES-02,2026-08-13T08:40:59
421,0,13/08/2026,03:47:04,4.733999,-74.245488,REENVIO PENDIENTE,0,0,HERMES-02,2026-08-13T08:47:04
422,0,13/08/2026,03:53:10,4.733978,-74.245458,REENVIO PENDIENTE,0,0,HERMES-02,2026-08-13T08:53:10
423,0,13/08/2026,03:59:16,4.73389,-74.245518,REENVIO PENDIENTE,0,0,HERMES-02,2026-08-13T08:59:16
424,0,13/08/2026,04:05:22,4.734016,-74.245518,REENVIO PENDIENTE,0,0,HERMES-02,2026-08-13T09:05:22
425,0,13/08/2026,04:11:28,4.73401,-74.245519,REENVIO PENDIENTE,0,0,HERMES-02,2026-08-13T09:11:28
426,0,13/08/2026,04:17:34,4.734001,-74.245488,REENVIO PENDIENTE,0,0,HERMES-02,2026-08-13T09:17:34
427,0,13/08/2026,04:23:40,4.73394,-74.245536,REENVIO PENDIENTE,0,0,HERMES-02,2026-08-13T09:23:40
428,0,13/08/2026,04:29:46,4.733985,-74.245437,REENVIO PENDIENTE,0,0,HERMES-02,2026-08-13T09:29:46
429,0,13/08/2026,04:35:52,4.734056,-74.245424,REENVIO PENDIENTE,0,0,HERMES-02,2026-08-13T09:35:52
430,0,13/08/2026,04:41:58,4.733852,-74.245446,REENVIO PENDIENTE,0,0,HERMES-02,2026-08-13T09:41:58
431,0,13/08/2026,04:48:04,4.733948,-74.245399,REENVIO PENDIENTE,0,0,HERMES-02,2026-08-13T09:48:04
432,0,13/08/2026,04:54:10,4.7342,-74.24528,REENVIO PENDIENTE,0,0,HERMES-02,2026-08-13T09:54:10
433,0,13/08/2026,05:00:16,4.734507,-74.245313,REENVIO PENDIENTE,0,0,HERMES-02,2026-08-13T10:00:16
434,0,13/08/2026,05:06:22,4.73454,-74.245148,REENVIO PENDIENTE,0,0,HERMES-02,2026-08-13T10:06:22
435,0,13/08/2026,05:12:28,4.734013,-74.245415,REENVIO PENDIENTE,0,0,HERMES-02,2026-08-13T10:12:28
436,0,13/08/2026,05:18:34,4.733929,-74.245507,REENVIO PENDIENTE,0,0,HERMES-02,2026-08-13T10:18:34
437,0,13/08/2026,05:24:40,4.733976,-74.245443,REENVIO PENDIENTE,0,0,HERMES-02,2026-08-13T10:24:40
438,0,13/08/2026,05:30:46,4.733944,-74.245541,REENVIO PENDIENTE,0,0,HERMES-02,2026-08-13T10:30:46
439,0,13/08/2026,05:36:52,4.733976,-74.245511,REENVIO PENDIENTE,0,0,HERMES-02,2026-08-13T10:36:52
440,0,13/08/2026,05:42:58,4.733964,-74.245456,REENVIO PENDIENTE,0,0,HERMES-02,2026-08-13T10:42:58
441,0,13/08/2026,05:49:04,4.733988,-74.245516,REENVIO PENDIENTE,0,0,HERMES-02,2026-08-13T10:49:04
442,0,13/08/2026,05:55:10,4.734006,-74.245519,REENVIO PENDIENTE,0,0,HERMES-02,2026-08-13T10:55:10
443,0,13/08/2026,06:01:16,4.733997,-74.245505,REENVIO PENDIENTE,0,0,HERMES-02,2026-08-13T11:01:16
444,0,13/08/2026,06:07:22,4.733998,-74.245496,REENVIO PENDIENTE,0,0,HERMES-02,2026-08-13T11:07:22
445,0,13/08/2026,06:13:28,4.734004,-74.24553,REENVIO PENDIENTE,0,0,HERMES-02,2026-08-13T11:13:28
446,0,13/08/2026,06:19:35,4.733989,-74.245496,REENVIO PENDIENTE,0,0,HERMES-02,2026-08-13T11:19:35
447,0,13/08/2026,06:25:41,4.734009,-74.245521,REENVIO PENDIENTE,0,0,HERMES-02,2026-08-13T11:25:41
448,0,13/08/2026,06:31:47,4.734021,-74.245484,REENVIO PENDIENTE,0,0,HERMES-02,2026-08-13T11:31:47
449,0,13/08/2026,06:37:53,4.734027,-74.245529,REENVIO PENDIENTE,0,0,HERMES-02,2026-08-13T11:37:53
450,0,13/08/2026,06:43:59,4.733983,-74.245448,REENVIO PENDIENTE,0,0,HERMES-02,2026-08-13T11:43:59
451,0,13/08/2026,06:50:05,4.733967,-74.245576,REENVIO PENDIENTE,0,0,HERMES-02,2026-08-13T11:50:05
452,0,13/08/2026,06:56:11,4.733946,-74.245434,REENVIO PENDIENTE,0,0,HERMES-02,2026-08-13T11:56:11
453,0,13/08/2026,07:02:17,4.733858,-74.24566,REENVIO PENDIENTE,0,0,HERMES-02,2026-08-13T12:02:17
454,0,13/08/2026,07:08:23,4.734074,-74.245516,REENVIO PENDIENTE,0,0,HERMES-02,2026-08-13T12:08:23
455,0,13/08/2026,07:14:29,4.733885,-74.246108,REENVIO PENDIENTE,0,0,HERMES-02,2026-08-13T12:14:29
456,0,13/08/2026,07:20:34,4.741463,-74.257411,REENVIO PENDIENTE,0,0,HERMES-02,2026-08-13T12:20:34
457,0,13/08/2026,07:26:40,4.760447,-74.307884,REENVIO PENDIENTE,0,0,HERMES-02,2026-08-13T12:26:40
458,0,13/08/2026,07:32:46,4.790935,-74.335267,REENVIO PENDIENTE,0,0,HERMES-02,2026-08-13T12:32:46
459,0,13/08/2026,07:38:52,4.816308,-74.349674,REENVIO PENDIENTE,0,0,HERMES-02,2026-08-13T12:38:52
460,0,13/08/2026,07:44:58,4.82013,-74.3482,REENVIO PENDIENTE,0,0,HERMES-02,2026-08-13T12:44:58
461,0,13/08/2026,07:51:04,4.820099,-74.348159,REENVIO PENDIENTE,0,0,HERMES-02,2026-08-13T12:51:04
462,0,13/08/2026,07:57:09,4.820653,-74.347942,REENVIO PENDIENTE,0,0,HERMES-02,2026-08-13T12:57:09
463,0,13/08/2026,08:03:15,4.822998,-74.34599,REENVIO PENDIENTE,0,0,HERMES-02,2026-08-13T13:03:15
464,0,13/08/2026,08:09:21,4.823009,-74.345994,REENVIO PENDIENTE,0,0,HERMES-02,2026-08-13T13:09:21
465,0,13/08/2026,08:15:27,4.823112,-74.345826,REENVIO PENDIENTE,0,0,HERMES-02,2026-08-13T13:15:27
466,0,13/08/2026,08:21:33,4.823248,-74.345717,REENVIO PENDIENTE,0,0,HERMES-02,2026-08-13T13:21:33
467,0,13/08/2026,08:28:45,4.823216,-74.345859,NUEVA UBICACION,0,0,HERMES-02,2026-08-13T13:28:45
468,0,13/08/2026,08:35:26,4.823224667,-74.34587767,NUEVA UBICACION,0,0,HERMES-02,2026-08-13T13:35:26
469,0,13/08/2026,08:42:11,4.823219667,-74.34588117,NUEVA UBICACION,0,0,HERMES-02,2026-08-13T13:42:11
470,0,13/08/2026,08:48:55,4.823200167,-74.345883,NUEVA UBICACION,0,0,HERMES-02,2026-08-13T13:48:55
471,0,13/08/2026,08:55:37,4.8232045,-74.3458745,NUEVA UBICACION,0,0,HERMES-02,2026-08-13T13:55:37
472,0,13/08/2026,09:02:27,4.823208167,-74.345887,NUEVA UBICACION,0,0,HERMES-02,2026-08-13T14:02:27
473,0,13/08/2026,09:09:25,4.823207333,-74.34587883,NUEVA UBICACION,0,0,HERMES-02,2026-08-13T14:09:25
474,0,13/08/2026,09:14:34,4.823214167,-74.34587433,NUEVA UBICACION,0,0,HERMES-02,2026-08-13T14:14:34
475,0,13/08/2026,09:19:47,4.8232275,-74.34588667,NUEVA UBICACION,0,0,HERMES-02,2026-08-13T14:19:47
476,0,13/08/2026,09:25:00,4.823235833,-74.345854,NUEVA UBICACION,0,0,HERMES-02,2026-08-13T14:25:00
477,0,13/08/2026,09:30:12,4.823248833,-74.3458785,NUEVA UBICACION,0,0,HERMES-02,2026-08-13T14:30:12
478,0,13/08/2026,09:35:24,4.823249,-74.3458605,NUEVA UBICACION,0,0,HERMES-02,2026-08-13T14:35:24
479,0,13/08/2026,09:40:37,4.8232295,-74.34586117,NUEVA UBICACION,0,0,HERMES-02,2026-08-13T14:40:37
480,0,13/08/2026,09:45:53,4.823201333,-74.3458465,NUEVA UBICACION,0,0,HERMES-02,2026-08-13T14:45:53
481,0,13/08/2026,09:51:05,4.823201667,-74.34587217,NUEVA UBICACION,0,0,HERMES-02,2026-08-13T14:51:05
482,301,13/08/2026,12:12:21,4.820482,-74.348093,REENVIO PENDIENTE,0,0,HERMES-02,2026-08-13T18:55:36.390983
483,301,13/08/2026,12:18:27,4.825081,-74.351918,REENVIO PENDIENTE,0,0,HERMES-02,2026-08-13T18:55:40.930406
484,301,13/08/2026,12:24:33,4.825174,-74.351827,REENVIO PENDIENTE,0,0,HERMES-02,2026-08-13T18:55:45.439814
485,301,13/08/2026,12:30:39,4.825167,-74.351837,REENVIO PENDIENTE,0,0,HERMES-02,2026-08-13T18:55:49.972706
486,301,13/08/2026,12:36:45,4.825183,-74.351832,REENVIO PENDIENTE,0,0,HERMES-02,2026-08-13T18:55:54.524358
487,301,13/08/2026,12:42:51,4.825185,-74.351819,REENVIO PENDIENTE,0,0,HERMES-02,2026-08-13T18:55:59.171441
488,301,13/08/2026,12:48:57,4.825217,-74.351834,REENVIO PENDIENTE,0,0,HERMES-02,2026-08-13T18:56:04.048844
489,301,13/08/2026,12:55:03,4.825227,-74.351836,REENVIO PENDIENTE,0,0,HERMES-02,2026-08-13T18:56:08.906891
490,301,13/08/2026,13:01:09,4.825223,-74.351834,REENVIO PENDIENTE,0,0,HERMES-02,2026-08-13T18:56:13.568403
491,301,13/08/2026,13:07:15,4.825224,-74.351837,REENVIO PENDIENTE,0,0,HERMES-02,2026-08-13T18:56:18.167502
492,301,13/08/2026,13:13:21,4.825209,-74.351842,REENVIO PENDIENTE,0,0,HERMES-02,2026-08-13T18:56:22.671449
493,301,13/08/2026,13:19:27,4.82522,-74.351836,REENVIO PENDIENTE,0,0,HERMES-02,2026-08-13T18:56:27.312235
494,301,13/08/2026,13:25:33,4.825207,-74.351829,REENVIO PENDIENTE,0,0,HERMES-02,2026-08-13T18:56:32.129902
495,301,13/08/2026,13:31:39,4.825192,-74.351849,REENVIO PENDIENTE,0,0,HERMES-02,2026-08-13T18:56:37.025426
496,301,13/08/2026,13:37:44,4.820577,-74.348953,REENVIO PENDIENTE,0,0,HERMES-02,2026-08-13T18:56:41.806230
497,301,13/08/2026,13:43:50,4.823035,-74.346863,REENVIO PENDIENTE,0,0,HERMES-02,2026-08-13T18:56:46.602755
498,301,13/08/2026,13:49:55,4.823084,-74.345956,REENVIO PENDIENTE,0,0,HERMES-02,2026-08-13T18:56:51.575686
499,301,13/08/2026,13:56:54,4.823202,-74.34587733,NUEVA UBICACION,0,0,HERMES-02,2026-08-13T18:56:58.439510
500,302,13/08/2026,14:02:04,4.823206667,-74.34587767,NUEVA UBICACION,0,0,HERMES-02,2026-08-13T19:02:08.048244
501,303,13/08/2026,14:07:17,4.823208333,-74.34587333,NUEVA UBICACION,0,0,HERMES-02,2026-08-13T19:07:20.418191
502,304,13/08/2026,14:12:32,4.823213667,-74.34585117,NUEVA UBICACION,0,0,HERMES-02,2026-08-13T19:12:35.537860
503,305,13/08/2026,14:17:44,4.823206833,-74.34585083,NUEVA UBICACION,0,0,HERMES-02,2026-08-13T19:17:48.601441
504,306,13/08/2026,14:22:58,4.823199333,-74.34587767,NUEVA UBICACION,0,0,HERMES-02,2026-08-13T19:23:01.664996
505,307,13/08/2026,14:28:11,4.823213667,-74.3458675,NUEVA UBICACION,0,0,HERMES-02,2026-08-13T19:28:14.317375
506,308,13/08/2026,14:33:24,4.823203,-74.34587217,NUEVA UBICACION,0,0,HERMES-02,2026-08-13T19:33:27.816271
507,309,13/08/2026,14:38:37,4.823208,-74.34585117,NUEVA UBICACION,0,0,HERMES-02,2026-08-13T19:38:40.702223
508,435,14/08/2026,07:33:17,4.823155,-74.345861,REENVIO PENDIENTE,0,0,HERMES-02,2026-08-14T19:16:35.582444
509,435,14/08/2026,14:17:38,4.823155167,-74.34586083,ULTIMA UBICACION,0,0,HERMES-02,2026-08-14T19:17:42.928500
510,436,14/08/2026,14:32:30,4.823164333,-74.34580067,NUEVA UBICACION,0,0,HERMES-02,2026-08-14T19:32:34.541521
511,437,14/08/2026,14:37:46,4.823138333,-74.34581133,NUEVA UBICACION,0,0,HERMES-02,2026-08-14T19:37:50.364184
512,438,14/08/2026,14:43:08,4.823159167,-74.34579983,NUEVA UBICACION,0,0,HERMES-02,2026-08-14T19:43:16.393578
513,439,14/08/2026,14:45:45,4.823113667,-74.345826,NUEVA UBICACION,0,0,HERMES-02,2026-08-14T19:46:01.969707
514,440,14/08/2026,14:51:09,4.823118,-74.34578583,NUEVA UBICACION,0,0,HERMES-02,2026-08-14T19:51:12.719969
515,441,14/08/2026,14:56:23,4.823145833,-74.3457975,NUEVA UBICACION,0,0,HERMES-02,2026-08-14T19:56:27.352397
516,442,14/08/2026,15:01:37,4.823175833,-74.34585783,NUEVA UBICACION,0,0,HERMES-02,2026-08-14T20:01:41.319788
517,443,14/08/2026,15:06:53,4.823240333,-74.34588,NUEVA UBICACION,0,0,HERMES-02,2026-08-14T20:06:56.846852
518,444,14/08/2026,15:12:07,4.8232175,-74.34582833,NUEVA UBICACION,0,0,HERMES-02,2026-08-14T20:12:10.835991
519,445,14/08/2026,15:17:21,4.8231525,-74.345803,NUEVA UBICACION,0,0,HERMES-02,2026-08-14T20:17:24.963302
520,446,14/08/2026,15:22:35,4.823248,-74.345876,NUEVA UBICACION,0,0,HERMES-02,2026-08-14T20:22:39.347181
521,447,14/08/2026,15:27:49,4.823214833,-74.34590167,NUEVA UBICACION,0,0,HERMES-02,2026-08-14T20:27:53.458231
522,448,14/08/2026,15:33:03,4.8232295,-74.34580117,NUEVA UBICACION,0,0,HERMES-02,2026-08-14T20:33:06.980881
523,449,14/08/2026,15:38:16,4.823235333,-74.345923,NUEVA UBICACION,0,0,HERMES-02,2026-08-14T20:38:20.311813
524,450,14/08/2026,15:43:31,4.8232055,-74.3458835,NUEVA UBICACION,0,0,HERMES-02,2026-08-14T20:43:34.885412
525,451,14/08/2026,15:48:45,4.823171167,-74.34585767,NUEVA UBICACION,0,0,HERMES-02,2026-08-14T20:48:48.964281
526,452,14/08/2026,15:54:00,4.8231965,-74.34587567,NUEVA UBICACION,0,0,HERMES-02,2026-08-14T20:54:03.958281
527,453,14/08/2026,15:59:14,4.823234667,-74.34591217,NUEVA UBICACION,0,0,HERMES-02,2026-08-14T20:59:17.787966
528,456,14/08/2026,16:14:55,4.823229333,-74.34589433,NUEVA UBICACION,0,0,HERMES-02,2026-08-14T21:14:59.257672
529,457,14/08/2026,16:20:09,4.823216333,-74.345841,NUEVA UBICACION,0,0,HERMES-02,2026-08-14T21:20:13.396704
530,458,14/08/2026,16:25:23,4.823253167,-74.34587767,NUEVA UBICACION,0,0,HERMES-02,2026-08-14T21:25:27.277913
531,459,14/08/2026,16:30:37,4.823240333,-74.34592267,NUEVA UBICACION,0,0,HERMES-02,2026-08-14T21:30:41.045084
532,460,14/08/2026,16:35:50,4.823208,-74.34583617,NUEVA UBICACION,0,0,HERMES-02,2026-08-14T21:35:54.437225
533,461,14/08/2026,16:41:04,4.823162,-74.34579717,NUEVA UBICACION,0,0,HERMES-02,2026-08-14T21:41:07.451541
534,462,14/08/2026,16:46:17,4.823256833,-74.34587317,NUEVA UBICACION,0,0,HERMES-02,2026-08-14T21:46:20.449902
535,463,14/08/2026,16:51:29,4.823208333,-74.34585767,NUEVA UBICACION,0,0,HERMES-02,2026-08-14T21:51:33.464519
536,464,14/08/2026,16:56:42,4.823115667,-74.345776,NUEVA UBICACION,0,0,HERMES-02,2026-08-14T21:56:46.415792
537,465,14/08/2026,17:01:55,4.823216667,-74.34585117,NUEVA UBICACION,0,0,HERMES-02,2026-08-14T22:01:59.021848
538,466,14/08/2026,17:07:08,4.823292333,-74.34592233,NUEVA UBICACION,0,0,HERMES-02,2026-08-14T22:07:12.190147
539,467,14/08/2026,17:12:21,4.823115833,-74.34577867,NUEVA UBICACION,0,0,HERMES-02,2026-08-14T22:12:25.335811
540,468,14/08/2026,17:17:35,4.823187833,-74.345856,NUEVA UBICACION,0,0,HERMES-02,2026-08-14T22:17:38.449363
541,469,14/08/2026,17:22:47,4.823179667,-74.34588,NUEVA UBICACION,0,0,HERMES-02,2026-08-14T22:22:51.234579
542,470,14/08/2026,17:28:01,4.823169833,-74.345884,NUEVA UBICACION,0,0,HERMES-02,2026-08-14T22:28:04.747314
543,471,14/08/2026,17:33:23,4.823221333,-74.3459105,NUEVA UBICACION,0,0,HERMES-02,2026-08-14T22:33:27.685459
544,472,14/08/2026,17:38:37,4.8232205,-74.345848,NUEVA UBICACION,0,0,HERMES-02,2026-08-14T22:38:40.633977
545,473,14/08/2026,17:43:50,4.8232295,-74.34582983,NUEVA UBICACION,0,0,HERMES-02,2026-08-14T22:43:53.950982
546,474,14/08/2026,17:49:03,4.823228167,-74.345828,NUEVA UBICACION,0,0,HERMES-02,2026-08-14T22:49:06.719831
547,475,14/08/2026,17:54:16,4.823223,-74.345819,NUEVA UBICACION,0,0,HERMES-02,2026-08-14T22:54:19.676319
548,476,14/08/2026,17:59:29,4.823198667,-74.34584667,NUEVA UBICACION,0,0,HERMES-02,2026-08-14T22:59:32.575702
549,477,14/08/2026,18:04:42,4.823326333,-74.34590383,NUEVA UBICACION,0,0,HERMES-02,2026-08-14T23:04:45.560779